filename,label
Image_1.jpg,sitting
Image_33.jpg,sitting
Image_34.jpg,sitting
Image_62.jpg,sitting
Image_78.jpg,sitting
Image_130.jpg,sitting
Image_146.jpg,sitting
Image_162.jpg,sitting
Image_188.jpg,sitting
Image_195.jpg,sitting
Image_197.jpg,sitting
Image_201.jpg,sitting
Image_222.jpg,sitting
Image_235.jpg,sitting
Image_237.jpg,sitting
Image_242.jpg,sitting
Image_247.jpg,sitting
Image_261.jpg,sitting
Image_310.jpg,sitting
Image_341.jpg,sitting
Image_352.jpg,sitting
Image_359.jpg,sitting
Image_362.jpg,sitting
Image_380.jpg,sitting
Image_415.jpg,sitting
Image_462.jpg,sitting
Image_465.jpg,sitting
Image_481.jpg,sitting
Image_494.jpg,sitting
Image_496.jpg,sitting
Image_506.jpg,sitting
Image_511.jpg,sitting
Image_537.jpg,sitting
Image_542.jpg,sitting
Image_547.jpg,sitting
Image_548.jpg,sitting
Image_550.jpg,sitting
Image_555.jpg,sitting
Image_573.jpg,sitting
Image_588.jpg,sitting
Image_589.jpg,sitting
Image_592.jpg,sitting
Image_597.jpg,sitting
Image_612.jpg,sitting
Image_618.jpg,sitting
Image_657.jpg,sitting
Image_666.jpg,sitting
Image_673.jpg,sitting
Image_718.jpg,sitting
Image_724.jpg,sitting
Image_728.jpg,sitting
Image_733.jpg,sitting
Image_736.jpg,sitting
Image_761.jpg,sitting
Image_762.jpg,sitting
Image_770.jpg,sitting
Image_813.jpg,sitting
Image_818.jpg,sitting
Image_825.jpg,sitting
Image_829.jpg,sitting
Image_856.jpg,sitting
Image_863.jpg,sitting
Image_870.jpg,sitting
Image_881.jpg,sitting
Image_907.jpg,sitting
Image_920.jpg,sitting
Image_923.jpg,sitting
Image_942.jpg,sitting
Image_943.jpg,sitting
Image_952.jpg,sitting
Image_958.jpg,sitting
Image_978.jpg,sitting
Image_979.jpg,sitting
Image_1020.jpg,sitting
Image_1025.jpg,sitting
Image_1030.jpg,sitting
Image_1032.jpg,sitting
Image_1040.jpg,sitting
Image_1045.jpg,sitting
Image_1066.jpg,sitting
Image_1109.jpg,sitting
Image_1147.jpg,sitting
Image_1167.jpg,sitting
Image_1169.jpg,sitting
Image_1196.jpg,sitting
Image_1210.jpg,sitting
Image_1250.jpg,sitting
Image_1308.jpg,sitting
Image_1326.jpg,sitting
Image_1338.jpg,sitting
Image_1357.jpg,sitting
Image_1364.jpg,sitting
Image_1368.jpg,sitting
Image_1377.jpg,sitting
Image_1410.jpg,sitting
Image_1453.jpg,sitting
Image_1475.jpg,sitting
Image_1482.jpg,sitting
Image_1520.jpg,sitting
Image_1533.jpg,sitting
Image_1534.jpg,sitting
Image_1535.jpg,sitting
Image_1545.jpg,sitting
Image_1572.jpg,sitting
Image_1585.jpg,sitting
Image_1589.jpg,sitting
Image_1604.jpg,sitting
Image_1606.jpg,sitting
Image_1613.jpg,sitting
Image_1619.jpg,sitting
Image_1640.jpg,sitting
Image_1644.jpg,sitting
Image_1683.jpg,sitting
Image_1708.jpg,sitting
Image_1717.jpg,sitting
Image_1728.jpg,sitting
Image_1729.jpg,sitting
Image_1736.jpg,sitting
Image_1788.jpg,sitting
Image_1789.jpg,sitting
Image_1806.jpg,sitting
Image_1810.jpg,sitting
Image_1829.jpg,sitting
Image_1844.jpg,sitting
Image_1845.jpg,sitting
Image_1867.jpg,sitting
Image_1872.jpg,sitting
Image_1900.jpg,sitting
Image_1908.jpg,sitting
Image_1915.jpg,sitting
Image_1943.jpg,sitting
Image_1967.jpg,sitting
Image_1971.jpg,sitting
Image_1972.jpg,sitting
Image_1981.jpg,sitting
Image_2022.jpg,sitting
Image_2025.jpg,sitting
Image_2030.jpg,sitting
Image_2034.jpg,sitting
Image_2048.jpg,sitting
Image_2065.jpg,sitting
Image_2075.jpg,sitting
Image_2085.jpg,sitting
Image_2091.jpg,sitting
Image_2103.jpg,sitting
Image_2119.jpg,sitting
Image_2124.jpg,sitting
Image_2137.jpg,sitting
Image_2141.jpg,sitting
Image_2157.jpg,sitting
Image_2204.jpg,sitting
Image_2211.jpg,sitting
Image_2239.jpg,sitting
Image_2264.jpg,sitting
Image_2272.jpg,sitting
Image_2279.jpg,sitting
Image_2285.jpg,sitting
Image_2304.jpg,sitting
Image_2331.jpg,sitting
Image_2343.jpg,sitting
Image_2355.jpg,sitting
Image_2372.jpg,sitting
Image_2379.jpg,sitting
Image_2381.jpg,sitting
Image_2400.jpg,sitting
Image_2410.jpg,sitting
Image_2417.jpg,sitting
Image_2426.jpg,sitting
Image_2462.jpg,sitting
Image_2463.jpg,sitting
Image_2491.jpg,sitting
Image_2512.jpg,sitting
Image_2519.jpg,sitting
Image_2549.jpg,sitting
Image_2563.jpg,sitting
Image_2581.jpg,sitting
Image_2596.jpg,sitting
Image_2602.jpg,sitting
Image_2605.jpg,sitting
Image_2615.jpg,sitting
Image_2618.jpg,sitting
Image_2622.jpg,sitting
Image_2625.jpg,sitting
Image_2636.jpg,sitting
Image_2648.jpg,sitting
Image_2652.jpg,sitting
Image_2657.jpg,sitting
Image_2659.jpg,sitting
Image_2674.jpg,sitting
Image_2682.jpg,sitting
Image_2693.jpg,sitting
Image_2712.jpg,sitting
Image_2756.jpg,sitting
Image_2777.jpg,sitting
Image_2793.jpg,sitting
Image_2794.jpg,sitting
Image_2796.jpg,sitting
Image_2808.jpg,sitting
Image_2815.jpg,sitting
Image_2828.jpg,sitting
Image_2840.jpg,sitting
Image_2847.jpg,sitting
Image_2888.jpg,sitting
Image_2934.jpg,sitting
Image_2935.jpg,sitting
Image_2941.jpg,sitting
Image_2946.jpg,sitting
Image_2955.jpg,sitting
Image_2999.jpg,sitting
Image_3017.jpg,sitting
Image_3023.jpg,sitting
Image_3052.jpg,sitting
Image_3062.jpg,sitting
Image_3088.jpg,sitting
Image_3094.jpg,sitting
Image_3115.jpg,sitting
Image_3125.jpg,sitting
Image_3151.jpg,sitting
Image_3174.jpg,sitting
Image_3178.jpg,sitting
Image_3187.jpg,sitting
Image_3198.jpg,sitting
Image_3200.jpg,sitting
Image_3243.jpg,sitting
Image_3280.jpg,sitting
Image_3289.jpg,sitting
Image_3291.jpg,sitting
Image_3315.jpg,sitting
Image_3316.jpg,sitting
Image_3344.jpg,sitting
Image_3360.jpg,sitting
Image_3370.jpg,sitting
Image_3382.jpg,sitting
Image_3427.jpg,sitting
Image_3438.jpg,sitting
Image_3451.jpg,sitting
Image_3474.jpg,sitting
Image_3494.jpg,sitting
Image_3495.jpg,sitting
Image_3497.jpg,sitting
Image_3499.jpg,sitting
Image_3542.jpg,sitting
Image_3555.jpg,sitting
Image_3574.jpg,sitting
Image_3580.jpg,sitting
Image_3597.jpg,sitting
Image_3599.jpg,sitting
Image_3606.jpg,sitting
Image_3638.jpg,sitting
Image_3664.jpg,sitting
Image_3671.jpg,sitting
Image_3689.jpg,sitting
Image_3716.jpg,sitting
Image_3734.jpg,sitting
Image_3738.jpg,sitting
Image_3744.jpg,sitting
Image_3774.jpg,sitting
Image_3779.jpg,sitting
Image_3789.jpg,sitting
Image_3791.jpg,sitting
Image_3792.jpg,sitting
Image_3829.jpg,sitting
Image_3842.jpg,sitting
Image_3865.jpg,sitting
Image_3883.jpg,sitting
Image_3892.jpg,sitting
Image_3903.jpg,sitting
Image_3904.jpg,sitting
Image_3931.jpg,sitting
Image_3944.jpg,sitting
Image_3954.jpg,sitting
Image_4001.jpg,sitting
Image_4003.jpg,sitting
Image_4005.jpg,sitting
Image_4010.jpg,sitting
Image_4012.jpg,sitting
Image_4019.jpg,sitting
Image_4024.jpg,sitting
Image_4048.jpg,sitting
Image_4051.jpg,sitting
Image_4080.jpg,sitting
Image_4111.jpg,sitting
Image_4115.jpg,sitting
Image_4134.jpg,sitting
Image_4138.jpg,sitting
Image_4143.jpg,sitting
Image_4202.jpg,sitting
Image_4212.jpg,sitting
Image_4231.jpg,sitting
Image_4239.jpg,sitting
Image_4245.jpg,sitting
Image_4246.jpg,sitting
Image_4266.jpg,sitting
Image_4305.jpg,sitting
Image_4310.jpg,sitting
Image_4329.jpg,sitting
Image_4360.jpg,sitting
Image_4366.jpg,sitting
Image_4383.jpg,sitting
Image_4397.jpg,sitting
Image_4405.jpg,sitting
Image_4436.jpg,sitting
Image_4440.jpg,sitting
Image_4443.jpg,sitting
Image_4464.jpg,sitting
Image_4502.jpg,sitting
Image_4504.jpg,sitting
Image_4511.jpg,sitting
Image_4514.jpg,sitting
Image_4519.jpg,sitting
Image_4537.jpg,sitting
Image_4554.jpg,sitting
Image_4560.jpg,sitting
Image_4565.jpg,sitting
Image_4569.jpg,sitting
Image_4582.jpg,sitting
Image_4584.jpg,sitting
Image_4621.jpg,sitting
Image_4660.jpg,sitting
Image_4673.jpg,sitting
Image_4675.jpg,sitting
Image_4705.jpg,sitting
Image_4711.jpg,sitting
Image_4713.jpg,sitting
Image_4735.jpg,sitting
Image_4744.jpg,sitting
Image_4758.jpg,sitting
Image_4777.jpg,sitting
Image_4780.jpg,sitting
Image_4787.jpg,sitting
Image_4819.jpg,sitting
Image_4823.jpg,sitting
Image_4849.jpg,sitting
Image_4859.jpg,sitting
Image_4896.jpg,sitting
Image_4904.jpg,sitting
Image_4926.jpg,sitting
Image_4927.jpg,sitting
Image_4934.jpg,sitting
Image_4935.jpg,sitting
Image_5015.jpg,sitting
Image_5040.jpg,sitting
Image_5054.jpg,sitting
Image_5083.jpg,sitting
Image_5087.jpg,sitting
Image_5091.jpg,sitting
Image_5093.jpg,sitting
Image_5096.jpg,sitting
Image_5137.jpg,sitting
Image_5139.jpg,sitting
Image_5153.jpg,sitting
Image_5156.jpg,sitting
Image_5160.jpg,sitting
Image_5203.jpg,sitting
Image_5210.jpg,sitting
Image_5239.jpg,sitting
Image_5261.jpg,sitting
Image_5267.jpg,sitting
Image_5268.jpg,sitting
Image_5280.jpg,sitting
Image_5282.jpg,sitting
Image_5307.jpg,sitting
Image_5311.jpg,sitting
Image_5315.jpg,sitting
Image_5317.jpg,sitting
Image_5333.jpg,sitting
Image_5334.jpg,sitting
Image_5368.jpg,sitting
Image_5399.jpg,sitting
Image_5401.jpg,sitting
Image_5431.jpg,sitting
Image_5442.jpg,sitting
Image_5462.jpg,sitting
Image_5482.jpg,sitting
Image_5484.jpg,sitting
Image_5487.jpg,sitting
Image_5510.jpg,sitting
Image_5529.jpg,sitting
Image_5552.jpg,sitting
Image_5554.jpg,sitting
Image_5555.jpg,sitting
Image_5561.jpg,sitting
Image_5569.jpg,sitting
Image_5570.jpg,sitting
Image_5595.jpg,sitting
Image_5601.jpg,sitting
Image_5604.jpg,sitting
Image_5633.jpg,sitting
Image_5657.jpg,sitting
Image_5690.jpg,sitting
Image_5691.jpg,sitting
Image_5696.jpg,sitting
Image_5714.jpg,sitting
Image_5726.jpg,sitting
Image_5728.jpg,sitting
Image_5735.jpg,sitting
Image_5775.jpg,sitting
Image_5780.jpg,sitting
Image_5781.jpg,sitting
Image_5783.jpg,sitting
Image_5801.jpg,sitting
Image_5811.jpg,sitting
Image_5829.jpg,sitting
Image_5832.jpg,sitting
Image_5834.jpg,sitting
Image_5857.jpg,sitting
Image_5887.jpg,sitting
Image_5891.jpg,sitting
Image_5901.jpg,sitting
Image_5922.jpg,sitting
Image_5951.jpg,sitting
Image_5984.jpg,sitting
Image_5995.jpg,sitting
Image_6006.jpg,sitting
Image_6028.jpg,sitting
Image_6047.jpg,sitting
Image_6075.jpg,sitting
Image_6078.jpg,sitting
Image_6103.jpg,sitting
Image_6107.jpg,sitting
Image_6131.jpg,sitting
Image_6140.jpg,sitting
Image_6146.jpg,sitting
Image_6163.jpg,sitting
Image_6171.jpg,sitting
Image_6206.jpg,sitting
Image_6209.jpg,sitting
Image_6215.jpg,sitting
Image_6218.jpg,sitting
Image_6222.jpg,sitting
Image_6230.jpg,sitting
Image_6253.jpg,sitting
Image_6259.jpg,sitting
Image_6264.jpg,sitting
Image_6295.jpg,sitting
Image_6312.jpg,sitting
Image_6356.jpg,sitting
Image_6369.jpg,sitting
Image_6388.jpg,sitting
Image_6390.jpg,sitting
Image_6394.jpg,sitting
Image_6412.jpg,sitting
Image_6433.jpg,sitting
Image_6458.jpg,sitting
Image_6460.jpg,sitting
Image_6463.jpg,sitting
Image_6493.jpg,sitting
Image_6496.jpg,sitting
Image_6502.jpg,sitting
Image_6506.jpg,sitting
Image_6532.jpg,sitting
Image_6537.jpg,sitting
Image_6541.jpg,sitting
Image_6587.jpg,sitting
Image_6593.jpg,sitting
Image_6636.jpg,sitting
Image_6660.jpg,sitting
Image_6667.jpg,sitting
Image_6698.jpg,sitting
Image_6713.jpg,sitting
Image_6721.jpg,sitting
Image_6737.jpg,sitting
Image_6756.jpg,sitting
Image_6762.jpg,sitting
Image_6789.jpg,sitting
Image_6794.jpg,sitting
Image_6800.jpg,sitting
Image_6849.jpg,sitting
Image_6854.jpg,sitting
Image_6859.jpg,sitting
Image_6862.jpg,sitting
Image_6877.jpg,sitting
Image_6878.jpg,sitting
Image_6880.jpg,sitting
Image_6915.jpg,sitting
Image_6953.jpg,sitting
Image_6962.jpg,sitting
Image_6963.jpg,sitting
Image_6969.jpg,sitting
Image_6993.jpg,sitting
Image_6994.jpg,sitting
Image_7006.jpg,sitting
Image_7057.jpg,sitting
Image_7083.jpg,sitting
Image_7085.jpg,sitting
Image_7091.jpg,sitting
Image_7097.jpg,sitting
Image_7142.jpg,sitting
Image_7145.jpg,sitting
Image_7168.jpg,sitting
Image_7169.jpg,sitting
Image_7180.jpg,sitting
Image_7192.jpg,sitting
Image_7194.jpg,sitting
Image_7200.jpg,sitting
Image_7206.jpg,sitting
Image_7242.jpg,sitting
Image_7253.jpg,sitting
Image_7257.jpg,sitting
Image_7265.jpg,sitting
Image_7267.jpg,sitting
Image_7286.jpg,sitting
Image_7299.jpg,sitting
Image_7308.jpg,sitting
Image_7315.jpg,sitting
Image_7320.jpg,sitting
Image_7321.jpg,sitting
Image_7328.jpg,sitting
Image_7346.jpg,sitting
Image_7364.jpg,sitting
Image_7365.jpg,sitting
Image_7368.jpg,sitting
Image_7388.jpg,sitting
Image_7403.jpg,sitting
Image_7431.jpg,sitting
Image_7434.jpg,sitting
Image_7438.jpg,sitting
Image_7464.jpg,sitting
Image_7466.jpg,sitting
Image_7495.jpg,sitting
Image_7509.jpg,sitting
Image_7523.jpg,sitting
Image_7530.jpg,sitting
Image_7533.jpg,sitting
Image_7563.jpg,sitting
Image_7574.jpg,sitting
Image_7620.jpg,sitting
Image_7622.jpg,sitting
Image_7647.jpg,sitting
Image_7665.jpg,sitting
Image_7695.jpg,sitting
Image_7696.jpg,sitting
Image_7706.jpg,sitting
Image_7742.jpg,sitting
Image_7745.jpg,sitting
Image_7746.jpg,sitting
Image_7755.jpg,sitting
Image_7789.jpg,sitting
Image_7851.jpg,sitting
Image_7867.jpg,sitting
Image_7885.jpg,sitting
Image_7891.jpg,sitting
Image_7895.jpg,sitting
Image_7897.jpg,sitting
Image_7919.jpg,sitting
Image_7924.jpg,sitting
Image_7951.jpg,sitting
Image_8013.jpg,sitting
Image_8016.jpg,sitting
Image_8031.jpg,sitting
Image_8085.jpg,sitting
Image_8121.jpg,sitting
Image_8137.jpg,sitting
Image_8139.jpg,sitting
Image_8140.jpg,sitting
Image_8179.jpg,sitting
Image_8186.jpg,sitting
Image_8206.jpg,sitting
Image_8220.jpg,sitting
Image_8224.jpg,sitting
Image_8232.jpg,sitting
Image_8250.jpg,sitting
Image_8275.jpg,sitting
Image_8294.jpg,sitting
Image_8304.jpg,sitting
Image_8309.jpg,sitting
Image_8315.jpg,sitting
Image_8345.jpg,sitting
Image_8356.jpg,sitting
Image_8362.jpg,sitting
Image_8368.jpg,sitting
Image_8415.jpg,sitting
Image_8426.jpg,sitting
Image_8434.jpg,sitting
Image_8436.jpg,sitting
Image_8455.jpg,sitting
Image_8468.jpg,sitting
Image_8482.jpg,sitting
Image_8504.jpg,sitting
Image_8517.jpg,sitting
Image_8555.jpg,sitting
Image_8558.jpg,sitting
Image_8567.jpg,sitting
Image_8568.jpg,sitting
Image_8591.jpg,sitting
Image_8602.jpg,sitting
Image_8604.jpg,sitting
Image_8615.jpg,sitting
Image_8619.jpg,sitting
Image_8628.jpg,sitting
Image_8652.jpg,sitting
Image_8659.jpg,sitting
Image_8679.jpg,sitting
Image_8680.jpg,sitting
Image_8681.jpg,sitting
Image_8684.jpg,sitting
Image_8707.jpg,sitting
Image_8712.jpg,sitting
Image_8731.jpg,sitting
Image_8732.jpg,sitting
Image_8756.jpg,sitting
Image_8762.jpg,sitting
Image_8812.jpg,sitting
Image_8815.jpg,sitting
Image_8840.jpg,sitting
Image_8855.jpg,sitting
Image_8862.jpg,sitting
Image_8869.jpg,sitting
Image_8900.jpg,sitting
Image_8907.jpg,sitting
Image_8942.jpg,sitting
Image_8953.jpg,sitting
Image_8956.jpg,sitting
Image_8960.jpg,sitting
Image_8962.jpg,sitting
Image_9002.jpg,sitting
Image_9003.jpg,sitting
Image_9025.jpg,sitting
Image_9035.jpg,sitting
Image_9049.jpg,sitting
Image_9055.jpg,sitting
Image_9056.jpg,sitting
Image_9115.jpg,sitting
Image_9141.jpg,sitting
Image_9169.jpg,sitting
Image_9179.jpg,sitting
Image_9186.jpg,sitting
Image_9187.jpg,sitting
Image_9207.jpg,sitting
Image_9221.jpg,sitting
Image_9245.jpg,sitting
Image_9246.jpg,sitting
Image_9263.jpg,sitting
Image_9278.jpg,sitting
Image_9283.jpg,sitting
Image_9309.jpg,sitting
Image_9313.jpg,sitting
Image_9320.jpg,sitting
Image_9341.jpg,sitting
Image_9362.jpg,sitting
Image_9366.jpg,sitting
Image_9381.jpg,sitting
Image_9403.jpg,sitting
Image_9435.jpg,sitting
Image_9450.jpg,sitting
Image_9453.jpg,sitting
Image_9467.jpg,sitting
Image_9473.jpg,sitting
Image_9487.jpg,sitting
Image_9501.jpg,sitting
Image_9508.jpg,sitting
Image_9513.jpg,sitting
Image_9516.jpg,sitting
Image_9530.jpg,sitting
Image_9566.jpg,sitting
Image_9582.jpg,sitting
Image_9583.jpg,sitting
Image_9589.jpg,sitting
Image_9639.jpg,sitting
Image_9640.jpg,sitting
Image_9650.jpg,sitting
Image_9683.jpg,sitting
Image_9691.jpg,sitting
Image_9701.jpg,sitting
Image_9713.jpg,sitting
Image_9721.jpg,sitting
Image_9780.jpg,sitting
Image_9782.jpg,sitting
Image_9784.jpg,sitting
Image_9788.jpg,sitting
Image_9861.jpg,sitting
Image_9889.jpg,sitting
Image_9903.jpg,sitting
Image_9914.jpg,sitting
Image_9930.jpg,sitting
Image_9944.jpg,sitting
Image_9968.jpg,sitting
Image_9970.jpg,sitting
Image_9993.jpg,sitting
Image_10005.jpg,sitting
Image_10012.jpg,sitting
Image_10020.jpg,sitting
Image_10026.jpg,sitting
Image_10053.jpg,sitting
Image_10088.jpg,sitting
Image_10091.jpg,sitting
Image_10150.jpg,sitting
Image_10152.jpg,sitting
Image_10169.jpg,sitting
Image_10199.jpg,sitting
Image_10201.jpg,sitting
Image_10211.jpg,sitting
Image_10240.jpg,sitting
Image_10259.jpg,sitting
Image_10271.jpg,sitting
Image_10288.jpg,sitting
Image_10324.jpg,sitting
Image_10330.jpg,sitting
Image_10373.jpg,sitting
Image_10381.jpg,sitting
Image_10395.jpg,sitting
Image_10406.jpg,sitting
Image_10408.jpg,sitting
Image_10430.jpg,sitting
Image_10440.jpg,sitting
Image_10446.jpg,sitting
Image_10453.jpg,sitting
Image_10463.jpg,sitting
Image_10480.jpg,sitting
Image_10488.jpg,sitting
Image_10490.jpg,sitting
Image_10501.jpg,sitting
Image_10506.jpg,sitting
Image_10529.jpg,sitting
Image_10586.jpg,sitting
Image_10606.jpg,sitting
Image_10642.jpg,sitting
Image_10652.jpg,sitting
Image_10677.jpg,sitting
Image_10689.jpg,sitting
Image_10696.jpg,sitting
Image_10707.jpg,sitting
Image_10711.jpg,sitting
Image_10715.jpg,sitting
Image_10731.jpg,sitting
Image_10750.jpg,sitting
Image_10763.jpg,sitting
Image_10765.jpg,sitting
Image_10774.jpg,sitting
Image_10799.jpg,sitting
Image_10806.jpg,sitting
Image_10830.jpg,sitting
Image_10831.jpg,sitting
Image_10838.jpg,sitting
Image_10856.jpg,sitting
Image_10859.jpg,sitting
Image_10861.jpg,sitting
Image_10881.jpg,sitting
Image_10914.jpg,sitting
Image_10974.jpg,sitting
Image_10985.jpg,sitting
Image_11000.jpg,sitting
Image_11014.jpg,sitting
Image_11022.jpg,sitting
Image_11043.jpg,sitting
Image_11049.jpg,sitting
Image_11053.jpg,sitting
Image_11064.jpg,sitting
Image_11067.jpg,sitting
Image_11077.jpg,sitting
Image_11079.jpg,sitting
Image_11082.jpg,sitting
Image_11090.jpg,sitting
Image_11096.jpg,sitting
Image_11098.jpg,sitting
Image_11111.jpg,sitting
Image_11116.jpg,sitting
Image_11117.jpg,sitting
Image_11129.jpg,sitting
Image_11147.jpg,sitting
Image_11152.jpg,sitting
Image_11214.jpg,sitting
Image_11229.jpg,sitting
Image_11245.jpg,sitting
Image_11257.jpg,sitting
Image_11294.jpg,sitting
Image_11316.jpg,sitting
Image_11325.jpg,sitting
Image_11332.jpg,sitting
Image_11382.jpg,sitting
Image_11413.jpg,sitting
Image_11430.jpg,sitting
Image_11461.jpg,sitting
Image_11470.jpg,sitting
Image_11497.jpg,sitting
Image_11520.jpg,sitting
Image_11545.jpg,sitting
Image_11558.jpg,sitting
Image_11587.jpg,sitting
Image_11603.jpg,sitting
Image_11605.jpg,sitting
Image_11641.jpg,sitting
Image_11683.jpg,sitting
Image_11712.jpg,sitting
Image_11734.jpg,sitting
Image_11741.jpg,sitting
Image_11778.jpg,sitting
Image_11784.jpg,sitting
Image_11789.jpg,sitting
Image_11801.jpg,sitting
Image_11809.jpg,sitting
Image_11818.jpg,sitting
Image_11858.jpg,sitting
Image_11865.jpg,sitting
Image_11867.jpg,sitting
Image_11870.jpg,sitting
Image_11880.jpg,sitting
Image_11897.jpg,sitting
Image_11903.jpg,sitting
Image_11925.jpg,sitting
Image_11935.jpg,sitting
Image_11939.jpg,sitting
Image_11987.jpg,sitting
Image_12003.jpg,sitting
Image_12024.jpg,sitting
Image_12032.jpg,sitting
Image_12034.jpg,sitting
Image_12037.jpg,sitting
Image_12077.jpg,sitting
Image_12084.jpg,sitting
Image_12086.jpg,sitting
Image_12105.jpg,sitting
Image_12112.jpg,sitting
Image_12154.jpg,sitting
Image_12163.jpg,sitting
Image_12171.jpg,sitting
Image_12201.jpg,sitting
Image_12214.jpg,sitting
Image_12271.jpg,sitting
Image_12272.jpg,sitting
Image_12286.jpg,sitting
Image_12293.jpg,sitting
Image_12300.jpg,sitting
Image_12302.jpg,sitting
Image_12311.jpg,sitting
Image_12346.jpg,sitting
Image_12356.jpg,sitting
Image_12357.jpg,sitting
Image_12387.jpg,sitting
Image_12392.jpg,sitting
Image_12437.jpg,sitting
Image_12445.jpg,sitting
Image_12473.jpg,sitting
Image_12502.jpg,sitting
Image_12511.jpg,sitting
Image_12518.jpg,sitting
Image_12529.jpg,sitting
Image_12582.jpg,sitting
Image_12596.jpg,sitting
Image_12598.jpg,sitting
Image13000.jpg,walking
Image13001.jpg,walking
Image13002.jpg,walking
Image13003.jpg,walking
Image13004.jpg,walking
Image13005.jpg,walking
Image13006.jpg,walking
Image13007.jpg,walking
Image13008.jpg,walking
Image13009.jpg,walking
Image13010.jpg,walking
Image13011.jpg,walking
Image13012.jpg,walking
Image13013.jpg,walking
Image13014.jpg,walking
Image13015.jpg,walking
Image13016.jpg,walking
Image13017.jpg,walking
Image13018.jpg,walking
Image13019.jpg,walking
Image13020.jpg,walking
Image13021.jpg,walking
Image13022.jpg,walking
Image13023.jpg,walking
Image13024.jpg,walking
Image13025.jpg,walking
Image13026.jpg,walking
Image13027.jpg,walking
Image13028.jpg,walking
Image13029.jpg,walking
Image13030.jpg,walking
Image13031.jpg,walking
Image13032.jpg,walking
Image13033.jpg,walking
Image13034.jpg,walking
Image13035.jpg,walking
Image13036.jpg,walking
Image13037.jpg,walking
Image13038.jpg,walking
Image13039.jpg,walking
Image13040.jpg,walking
Image13041.jpg,walking
Image13042.jpg,walking
Image13043.jpg,walking
Image13044.jpg,walking
Image13045.jpg,walking
Image13046.jpg,walking
Image13047.jpg,walking
Image13048.jpg,walking
Image13049.jpg,walking
Image13050.jpg,walking
Image13051.jpg,walking
Image13052.jpg,walking
Image13053.jpg,walking
Image13054.jpg,walking
Image13055.jpg,walking
Image13056.jpg,walking
Image13057.jpg,walking
Image13058.jpg,walking
Image13059.jpg,walking
Image13060.jpg,walking
Image13061.jpg,walking
Image13062.jpg,walking
Image13063.jpg,walking
Image13064.jpg,walking
Image13065.jpg,walking
Image13066.jpg,walking
Image13067.jpg,walking
Image13068.jpg,walking
Image13069.jpg,walking
Image13070.jpg,walking
Image13071.jpg,walking
Image13072.jpg,walking
Image13073.jpg,walking
Image13074.jpg,walking
Image13075.jpg,walking
Image13076.jpg,walking
Image13077.jpg,walking
Image13078.jpg,walking
Image13079.jpg,walking
Image13080.jpg,walking
Image13081.jpg,walking
Image13082.jpg,walking
Image13083.jpg,walking
Image13084.jpg,walking
Image13085.jpg,walking
Image13086.jpg,walking
Image13087.jpg,walking
Image13088.jpg,walking
Image13089.jpg,walking
Image13090.jpg,walking
Image13091.jpg,walking
Image13092.jpg,walking
Image13093.jpg,walking
Image13094.jpg,walking
Image13095.jpg,walking
Image13096.jpg,walking
Image13097.jpg,walking
Image13098.jpg,walking
Image13099.jpg,walking
Image13100.jpg,walking
Image13101.jpg,walking
Image13102.jpg,walking
Image13103.jpg,walking
Image13104.jpg,walking
Image13105.jpg,walking
Image13106.jpg,walking
Image13107.jpg,walking
Image13108.jpg,walking
Image13109.jpg,walking
Image13110.jpg,walking
Image13111.jpg,walking
Image13112.jpg,walking
Image13113.jpg,walking
Image13114.jpg,walking
Image13115.jpg,walking
Image13116.jpg,walking
Image13117.jpg,walking
Image13118.jpg,walking
Image13119.jpg,walking
Image13120.jpg,walking
Image13121.jpg,walking
Image13122.jpg,walking
Image13123.jpg,walking
Image13124.jpg,walking
Image13125.jpg,walking
Image13126.jpg,walking
Image13127.jpg,walking
Image13128.jpg,walking
Image13129.jpg,walking
Image13130.jpg,walking
Image13131.jpg,walking
Image13132.jpg,walking
Image13133.jpg,walking
Image13134.jpg,walking
Image13135.jpg,walking
Image13136.jpg,walking
Image13137.jpg,walking
Image13138.jpg,walking
Image13139.jpg,walking
Image13140.jpg,walking
Image13141.jpg,walking
Image13142.jpg,walking
Image13143.jpg,walking
Image13144.jpg,walking
Image13145.jpg,walking
Image13146.jpg,walking
Image13147.jpg,walking
Image13148.jpg,walking
Image13149.jpg,walking
Image13150.jpg,walking
Image13151.jpg,walking
Image13152.jpg,walking
Image13153.jpg,walking
Image13154.jpg,walking
Image13155.jpg,walking
Image13156.jpg,walking
Image13157.jpg,walking
Image13158.jpg,walking
Image13159.jpg,walking
Image13160.jpg,walking
Image13161.jpg,walking
Image13162.jpg,walking
Image13163.jpg,walking
Image13164.jpg,walking
Image13165.jpg,walking
Image13166.jpg,walking
Image13167.jpg,walking
Image13168.jpg,walking
Image13169.jpg,walking
Image13170.jpg,walking
Image13171.jpg,walking
Image13172.jpg,walking
Image13173.jpg,walking
Image13174.jpg,walking
Image13175.jpg,walking
Image13176.jpg,walking
Image13177.jpg,walking
Image13178.jpg,walking
Image13179.jpg,walking
Image13180.jpg,walking
Image13181.jpg,walking
Image13182.jpg,walking
Image13183.jpg,walking
Image13184.jpg,walking
Image13185.jpg,walking
Image13186.jpg,walking
Image13187.jpg,walking
Image13188.jpg,walking
Image13189.jpg,walking
Image13190.jpg,walking
Image13191.jpg,walking
Image13192.jpg,walking
Image13193.jpg,walking
Image13194.jpg,walking
Image13195.jpg,walking
Image13196.jpg,walking
Image13197.jpg,walking
Image13198.jpg,walking
Image13199.jpg,walking
Image13200.jpg,walking
Image13201.jpg,walking
Image13202.jpg,walking
Image13203.jpg,walking
Image13204.jpg,walking
Image13205.jpg,walking
Image13206.jpg,walking
Image13207.jpg,walking
Image13208.jpg,walking
Image13209.jpg,walking
Image13210.jpg,walking
Image13211.jpg,walking
Image13212.jpg,walking
Image13213.jpg,walking
Image13214.jpg,walking
Image13215.jpg,walking
Image13216.jpg,walking
Image13217.jpg,walking
Image13218.jpg,walking
Image13219.jpg,walking
Image13220.jpg,walking
Image13221.jpg,walking
Image13222.jpg,walking
Image13223.jpg,walking
Image13224.jpg,walking
Image13225.jpg,walking
Image13226.jpg,walking
Image13227.jpg,walking
Image13228.jpg,walking
Image13229.jpg,walking
Image13230.jpg,walking
Image13231.jpg,walking
Image13232.jpg,walking
Image13233.jpg,walking
Image13234.jpg,walking
Image13235.jpg,walking
Image13236.jpg,walking
Image13237.jpg,walking
Image13238.jpg,walking
Image13239.jpg,walking
Image13240.jpg,walking
Image13241.jpg,walking
Image13242.jpg,walking
Image13243.jpg,walking
Image13244.jpg,walking
Image13245.jpg,walking
Image13246.jpg,walking
Image13247.jpg,walking
Image13248.jpg,walking
Image13249.jpg,walking
Image13250.jpg,walking
Image13251.jpg,walking
Image13252.jpg,walking
Image13253.jpg,walking
Image13254.jpg,walking
Image13255.jpg,walking
Image13256.jpg,walking
Image13257.jpg,walking
Image13258.jpg,walking
Image13259.jpg,walking
Image13260.jpg,walking
Image13261.jpg,walking
Image13262.jpg,walking
Image13263.jpg,walking
Image13264.jpg,walking
Image13265.jpg,walking
Image13266.jpg,walking
Image13267.jpg,walking
Image13268.jpg,walking
Image13269.jpg,walking
Image13270.jpg,walking
Image13271.jpg,walking
Image13272.jpg,walking
Image13273.jpg,walking
Image13274.jpg,walking
Image13275.jpg,walking
Image13276.jpg,walking
Image13277.jpg,walking
Image13278.jpg,walking
Image13279.jpg,walking
Image13280.jpg,walking
Image13281.jpg,walking
Image13282.jpg,walking
Image13283.jpg,walking
Image13284.jpg,walking
Image13285.jpg,walking
Image13286.jpg,walking
Image13287.jpg,walking
Image13288.jpg,walking
Image13289.jpg,walking
Image13290.jpg,walking
Image13291.jpg,walking
Image13292.jpg,walking
Image13293.jfif,walking
Image13294.jpg,walking
Image13295.jpg,walking
Image13296.jpg,walking
Image13297.jpg,walking
Image13298.jpg,walking
Image13299.jpg,walking
Image13300.jpg,walking
Image13301.jpg,walking
Image13302.jpg,walking
Image13303.jpg,walking
Image13304.jpg,walking
Image13305.jpg,walking
Image13306.jpg,walking
Image13307.jpg,walking
Image13308.jpg,walking
Image13309.jpg,walking
Image13310.jpg,walking
Image13311.jpg,walking
Image13312.jpg,walking
Image13313.jpg,walking
Image13314.jpg,walking
Image13315.jpg,walking
Image13316.jpg,walking
Image13317.jpg,walking
Image13318.jpg,walking
Image13319.jpg,walking
Image13320.jpg,walking
Image13321.jpg,walking
Image13322.jpg,walking
Image13323.jpg,walking
Image13324.jpg,walking
Image13325.jpg,walking
Image13326.jpg,walking
Image13327.jpg,walking
Image13328.jpg,walking
Image13329.jpg,walking
Image13330.jpg,walking
Image13331.jpg,walking
Image13332.jpg,walking
Image13333.jpg,walking
Image13334.jpg,walking
Image13335.jpg,walking
Image13336.jpg,walking
Image13337.jpg,walking
Image13338.jpg,walking
Image13339.jpg,walking
Image13340.jpg,walking
Image13341.jpg,walking
Image13342.jpg,walking
Image13343.jpg,walking
Image13344.jpg,walking
Image13345.jpg,walking
Image13346.jpg,walking
Image13347.jpg,walking
Image13348.jpg,walking
Image13349.jpg,walking
Image13350.jpg,walking
Image13351.jpg,walking
Image13352.jpg,walking
Image13353.jpg,walking
Image13354.jpg,walking
Image13355.jpg,walking
Image13356.jpg,walking
Image13357.jpg,walking
Image13358.jpg,walking
Image13359.jpg,walking
Image13360.jpg,walking
Image13361.jpg,walking
Image13362.jpg,walking
Image13363.jpg,walking
Image13364.jpg,walking
Image13365.jpg,walking
Image13366.jpg,walking
Image13367.jpg,walking
Image13368.jpg,walking
Image13369.jpg,walking
Image13370.jpg,walking
Image13371.jpg,walking
Image13372.jpg,walking
Image13373.jpg,walking
Image13374.jpg,walking
Image13375.jpg,walking
Image13376.jpg,walking
Image13377.jpg,walking
Image13378.jpg,walking
Image13379.jpg,walking
Image13380.jpg,walking
Image13381.jpg,walking
Image13382.jpg,walking
Image13383.jpg,walking
Image13384.jpg,walking
Image13385.jpg,walking
Image13386.jpg,walking
Image13387.jpg,walking
Image13388.jpg,walking
Image13389.jpg,walking
Image13390.jpg,walking
Image13391.jpg,walking
Image13392.jpg,walking
Image13393.jpg,walking
Image13394.jpg,walking
Image13395.jpg,walking
Image13396.jpg,walking
Image13397.jpg,walking
Image13398.jpg,walking
Image13399.jpg,walking
Image13400.jpg,walking
Image13401.jpg,walking
Image13402.jpg,walking
Image13403.jpg,walking
Image13404.jpg,walking
Image13405.jpg,walking
Image13406.jpg,walking
Image13407.jpg,walking
Image13408.jpg,walking
Image13409.jpg,walking
Image13410.jpg,walking
Image13411.jpg,walking
Image13412.jpg,walking
Image13413.jpg,walking
Image13414.jpg,walking
Image13415.jpg,walking
Image13416.jpg,walking
Image13417.jpg,walking
Image13418.jpg,walking
Image13419.jpg,walking
Image13420.jpg,walking
Image13421.jpg,walking
Image13422.jpg,walking
Image13423.jpg,walking
Image13424.jpg,walking
Image13425.jpg,walking
Image13426.jpg,walking
Image13427.jpg,walking
Image13428.jpg,walking
Image13429.jpg,walking
Image13430.jpg,walking
Image13431.jpg,walking
Image13432.jpg,walking
Image13433.jpg,walking
Image13434.jpg,walking
Image13435.jpg,walking
Image13436.jpg,walking
Image13437.jpg,walking
Image13438.jpg,walking
Image13439.jpg,walking
Image13440.jpg,walking
Image13441.jpg,walking
Image13442.jpg,walking
Image13443.jpg,walking
Image13444.jpg,walking
Image13445.jpg,walking
Image13446.jpg,walking
Image13447.jpg,walking
Image13448.jpg,walking
Image13449.jpg,walking
Image13450.jpg,walking
Image13451.jpg,walking
Image13452.jpg,walking
Image13453.jpg,walking
Image13454.jpg,walking
Image13455.jpg,walking
Image13456.jpg,walking
Image13457.jpg,walking
Image13458.jpg,walking
Image13459.jpg,walking
Image13460.jpg,walking
Image13461.jpg,walking
Image13462.jpg,walking
Image13463.jpg,walking
Image13464.jpg,walking
Image13465.jpg,walking
Image13466.jpg,walking
Image13467.jpg,walking
Image13468.jpg,walking
Image13469.jpg,walking
Image13470.jpg,walking
Image13471.jpg,walking
Image13472.jpg,walking
Image13473.jpg,walking
Image13474.jpg,walking
Image13475.jpg,walking
Image13476.jpg,walking
Image13477.jpg,walking
Image13478.jpg,walking
Image13479.jpg,walking
Image13480.jpg,walking
Image13481.jpg,walking
Image13482.jpg,walking
Image13483.jpg,walking
Image13484.jpg,walking
Image13485.jpg,walking
Image13486.jpg,walking
Image13487.jpg,walking
Image13488.jpg,walking
Image13489.jpg,walking
Image13490.jpg,walking
Image13491.jpg,walking
Image13492.jpg,walking
Image13493.jpg,walking
Image13494.jpg,walking
Image13495.jpg,walking
Image13496.jpg,walking
Image13497.jpg,walking
Image13498.jpg,walking
Image13499.jpg,walking
Image13500.jpg,walking
Image13501.jpg,walking
Image13502.jpg,walking
Image13503.jpg,walking
Image13504.jpg,walking
Image13505.jpg,walking
Image13506.jpg,walking
Image13507.jpg,walking
Image13508.jpg,walking
Image13509.jpg,walking
Image13510.jpg,walking
Image13511.jpg,walking
Image13512.jpg,walking
Image13513.jpg,walking
Image13514.jpg,walking
Image13515.jpg,walking
Image13516.jpg,walking
Image13517.jpg,walking
Image13518.jpg,walking
Image13519.jpg,walking
Image13520.jpg,walking
Image13521.jpg,walking
Image13522.jpg,walking
Image13523.jpg,walking
Image13524.jpg,walking
Image13525.jpg,walking
Image13526.jpg,walking
Image13527.jpg,walking
Image13528.jpg,walking
Image13529.jpg,walking
Image13530.jpg,walking
Image13531.jpg,walking
Image13532.jpg,walking
Image13533.jpg,walking
Image13534.jpg,walking
Image13535.jpg,walking
Image13536.jpg,walking
Image13537.jpg,walking
Image13538.jpg,walking
Image13539.jpg,walking
Image13540.jpg,walking
Image13541.jpg,walking
Image13542.jpg,walking
Image13543.jpg,walking
Image13544.jpg,walking
Image13545.jpg,walking
Image13546.jpg,walking
Image13547.jpg,walking
Image13548.jpg,walking
Image13549.jpg,walking
Image13550.jpg,walking
Image13551.jpg,walking
Image13552.jpg,walking
Image13553.jpg,walking
Image13554.jpg,walking
Image13555.jpg,walking
Image13556.jpg,walking
Image13557.jpg,walking
Image13558.jpg,walking
Image13559.jpg,walking
Image13560.jpg,walking
Image13561.jpg,walking
Image13562.jpg,walking
Image13563.jpg,walking
Image13564.jpg,walking
Image13565.jpg,walking
Image13566.jpg,walking
Image13567.jpg,walking
Image13568.jpg,walking
Image13569.jpg,walking
Image13570.jpg,walking
Image13571.jpg,walking
Image13572.jpg,walking
Image13573.jpg,walking
Image13574.jpg,walking
Image13575.jpg,walking
Image13576.jpg,walking
Image13577.jpg,walking
Image13578.jpg,walking
Image13579.jpg,walking
Image13580.jpg,walking
Image13581.jpg,walking
Image13582.jpg,walking
Image13583.jpg,walking
Image13584.jpg,walking
Image13585.jpg,walking
Image13586.jpg,walking
Image13587.jpg,walking
Image13588.jpg,walking
Image13589.jpg,walking
Image13590.jpg,walking
Image13591.jpg,walking
Image13592.jpg,walking
Image13593.jpg,walking
Image13594.jpg,walking
Image13595.jpg,walking
Image13596.jpg,walking
Image13597.jpg,walking
Image13598.jpg,walking
Image13599.jpg,walking
Image13600.jpg,walking
Image13601.jpg,walking
Image13602.jpg,walking
Image13603.jpg,walking
Image13604.jpg,walking
Image13605.jpg,walking
Image13606.jpg,walking
Image13607.jpg,walking
Image13608.jpg,walking
Image13609.jpg,walking
Image13610.jpg,walking
Image13611.jpg,walking
Image13612.jpg,walking
Image13613.jpg,walking
Image13614.jpg,walking
Image13615.jpg,walking
Image13616.jpg,walking
Image13617.jpg,walking
Image13618.jpg,walking
Image13619.jpg,walking
Image13620.jpg,walking
Image13621.jpg,walking
Image13622.jpg,walking
Image13623.jpg,walking
Image13624.jpg,walking
Image13625.jpg,walking
Image13626.jpg,walking
Image13627.jpg,walking
Image13628.jpg,walking
Image13629.jpg,walking
Image13630.jpg,walking
Image13631.jpg,walking
Image13632.jpg,walking
Image13633.jpg,walking
Image13634.jpg,walking
Image13635.jpg,walking
Image13636.jpg,walking
Image13637.jpg,walking
Image13638.jpg,walking
Image13639.jpg,walking
Image13640.jpg,walking
Image13641.jpg,walking
Image13642.jpg,walking
Image13643.jpg,walking
Image13644.jpg,walking
Image13645.jpg,walking
Image13646.jpg,walking
Image13647.jpg,walking
Image13648.jpg,walking
Image13649.jpg,walking
Image13650.jpg,walking
Image13651.jpg,walking
Image13652.jpg,walking
Image13653.jpg,walking
Image13654.jpg,walking
Image13655.jpg,walking
Image13656.jpg,walking
Image13657.jpg,walking
Image13658.jpg,walking
Image13659.jpg,walking
Image13660.jpg,walking
Image13661.jpg,walking
Image13662.jpg,walking
Image13663.jpg,walking
Image13664.jpg,walking
Image13665.jpg,walking
Image13666.jpg,walking
Image13667.jpg,walking
Image13668.jpg,walking
Image13669.jpg,walking
Image13670.jpg,walking
Image13671.jpg,walking
Image13672.jpg,walking
Image13673.jpg,walking
Image13674.jpg,walking
Image13675.jpg,walking
Image13676.jpg,walking
Image13677.jpg,walking
Image13678.jpg,walking
Image13679.jpg,walking
Image13680.jpg,walking
Image13681.jpg,walking
Image13682.jpg,walking
Image13683.jpg,walking
Image13684.jpg,walking
Image13685.jpg,walking
Image13686.jpg,walking
Image13687.jpg,walking
Image13688.jpg,walking
Image13689.jpg,walking
Image13690.jpg,walking
Image13691.jpg,walking
Image13692.jpg,walking
Image13693.jpg,walking
Image13694.jpg,walking
Image13695.jpg,walking
Image13696.jpg,walking
Image13697.jpg,walking
Image13698.jpg,walking
Image13699.jpg,walking
Image13700.jpg,walking
Image13701.jpg,walking
Image13702.jpg,walking
Image13703.jpg,walking
Image13704.jpg,walking
Image13705.jpg,walking
Image13706.jpg,walking
Image13707.jpg,walking
Image13708.jpg,walking
Image13709.jpg,walking
Image13710.jpg,walking
Image13711.jpg,walking
Image13712.jpg,walking
Image13713.jpg,walking
Image13714.jpg,walking
Image13715.jpg,walking
Image13716.jpg,walking
Image13717.jpg,walking
Image13718.jpg,walking
Image13719.jpg,walking
Image13720.jpg,walking
Image13721.jpg,walking
Image13722.jpg,walking
Image13723.jpg,walking
Image13724.jpg,walking
Image13725.jpg,walking
Image13726.jpg,walking
Image13727.jpg,walking
Image13728.jpg,walking
Image13729.jpg,walking
Image13730.jpg,walking
Image13731.jpg,walking
Image13732.jpg,walking
Image13733.jpg,walking
Image13734.jpg,walking
Image13735.jpg,walking
Image13736.jpg,walking
Image13737.jpg,walking
Image13738.jpg,walking
Image13739.jpg,walking
Image13740.jpg,walking
Image13741.jpg,walking
Image13742.jpg,walking
Image13743.jpg,walking
Image13744.jpg,walking
Image13745.jpg,walking
Image13746.jpg,walking
Image13747.jpg,walking
Image13748.jpg,walking
Image13749.jpg,walking
Image13750.jpg,walking
Image13751.jpg,walking
Image13752.jpg,walking
Image13753.jpg,walking
Image13754.jpg,walking
Image13755.jpg,walking
Image13756.jpg,walking
Image13757.jpg,walking
Image13758.jpg,walking
Image13759.jpg,walking
Image13760.jpg,walking
Image13761.jpg,walking
Image13762.jpg,walking
Image13763.jpg,walking
Image13764.jpg,walking
Image13765.jpg,walking
Image13766.jpg,walking
Image13767.jpg,walking
Image13768.jpg,walking
Image13769.jpg,walking
Image13770.jpg,walking
Image13771.jpg,walking
Image13772.jpg,walking
Image13773.jpg,walking
Image13774.jpg,walking
Image13775.jpg,walking
Image13776.jpg,walking
Image13777.jpg,walking
Image13778.jpg,walking
Image13779.jpg,walking
Image13780.jpg,walking
Image13781.jpg,walking
Image13782.jpg,walking
Image13783.jpg,walking
Image13784.jpg,walking
Image13785.jpg,walking
Image13786.jpg,walking
Image13787.jpg,walking
Image13788.jpg,walking
Image13789.jpg,walking
Image13790.jpg,walking
Image13791.jpg,walking
Image13792.jpg,walking
Image13793.jpg,walking
Image13794.jpg,walking
Image13795.jpg,walking
Image13796.jpg,walking
Image13797.jpg,walking
Image13798.jpg,walking
Image13799.jpg,walking
Image13800.jpg,walking
Image13801.jpg,walking
Image13802.jpg,walking
Image13803.jpg,walking
Image13804.jpg,walking
Image13805.jpg,walking
Image13806.jpg,walking
Image13807.jpg,walking
Image13808.jpg,walking
Image13809.jpg,walking
Image13810.jpg,walking
Image13811.jpg,walking
Image13812.jpg,walking
Image13813.jpg,walking
Image13814.jpg,walking
Image13815.jpg,walking
Image13816.jpg,walking
Image13817.jpg,walking
Image13818.jpg,walking
Image13819.jpg,walking
Image13820.jpg,walking
Image13821.jpg,walking
Image13822.jpg,walking
Image13823.jpg,walking
Image13824.jpg,walking
Image13825.jpg,walking
Image13826.jpg,walking
Image13827.jpg,walking
Image13828.jpg,walking
Image13829.jpg,walking
Image13830.jpg,walking
Image13831.jpg,walking
Image13832.jpg,walking
Image13833.jpg,walking
Image13834.jpg,walking
Image13835.jpg,walking
Image13836.jpg,walking
Image13837.jpg,walking
Image13838.jpg,walking
Image13839.jpg,walking
Image14000.jpg,standing
Image14001.jpg,standing
Image14002.jpg,standing
Image14003.jpg,standing
Image14004.jpg,standing
Image14005.jpg,standing
Image14006.jpg,standing
Image14007.jpg,standing
Image14008.jpg,standing
Image14009.jpg,standing
Image14010.jpg,standing
Image14011.jpg,standing
Image14012.jpg,standing
Image14013.jpg,standing
Image14014.jpg,standing
Image14015.jpg,standing
Image14016.jpg,standing
Image14017.jpg,standing
Image14018.jpg,standing
Image14019.jpg,standing
Image14020.jpg,standing
Image14021.jpg,standing
Image14022.jpg,standing
Image14023.jpg,standing
Image14024.jpg,standing
Image14025.jpg,standing
Image14026.png,standing
Image14027.jpg,standing
Image14028.jpg,standing
Image14029.jpg,standing
Image14030.jpg,standing
Image14031.jpg,standing
Image14032.jpg,standing
Image14033.jpg,standing
Image14034.jpg,standing
Image14035.jpg,standing
Image14036.jpg,standing
Image14037.jpg,standing
Image14038.jpg,standing
Image14039.jpg,standing
Image14040.jpg,standing
Image14041.jpg,standing
Image14042.jpg,standing
Image14043.jpg,standing
Image14044.jpg,standing
Image14045.jpg,standing
Image14046.jpg,standing
Image14047.jpg,standing
Image14048.jpg,standing
Image14049.jpg,standing
Image14050.jpg,standing
Image14051.jpg,standing
Image14052.jpg,standing
Image14053.jpg,standing
Image14054.jpg,standing
Image14055.jpg,standing
Image14056.jpg,standing
Image14057.jpg,standing
Image14058.jpg,standing
Image14059.jpg,standing
Image14060.jpg,standing
Image14061.jpg,standing
Image14062.jpg,standing
Image14063.jpg,standing
Image14064.jpg,standing
Image14065.jpg,standing
Image14066.jpg,standing
Image14067.jpg,standing
Image14068.jpg,standing
Image14069.jpg,standing
Image14070.jpg,standing
Image14071.jpg,standing
Image14072.jpg,standing
Image14073.jpg,standing
Image14074.jpg,standing
Image14075.jpg,standing
Image14076.jpg,standing
Image14077.jpg,standing
Image14078.jpg,standing
Image14079.jpg,standing
Image14080.jpg,standing
Image14081.jpg,standing
Image14082.jpg,standing
Image14083.jpg,standing
Image14084.jpg,standing
Image14085.jpg,standing
Image14086.jpg,standing
Image14087.jpg,standing
Image14088.jpg,standing
Image14089.jpg,standing
Image14090.jpg,standing
Image14091.jpg,standing
Image14092.jpg,standing
Image14093.jpg,standing
Image14094.jpg,standing
Image14095.jpg,standing
Image14096.jpg,standing
Image14097.jpg,standing
Image14098.jpg,standing
Image14099.jpg,standing
Image14100.jpg,standing
Image14101.jpg,standing
Image14102.jpg,standing
Image14103.jpg,standing
Image14104.jpg,standing
Image14105.jpg,standing
Image14106.jpg,standing
Image14107.jpg,standing
Image14108.jpg,standing
Image14109.jpg,standing
Image14110.jpg,standing
Image14111.jpg,standing
Image14112.jpg,standing
Image14113.jpg,standing
Image14114.jpg,standing
Image14115.jpg,standing
Image14116.jpg,standing
Image14117.jpg,standing
Image14118.jpg,standing
Image14119.jpg,standing
Image14120.jpg,standing
Image14121.jpg,standing
Image14122.jpg,standing
Image14123.jpg,standing
Image14124.jpg,standing
Image14125.jpg,standing
Image14126.jpg,standing
Image14127.jpg,standing
Image14128.jpg,standing
Image14129.jpg,standing
Image14130.jpg,standing
Image14131.jpg,standing
Image14132.jpg,standing
Image14133.jpg,standing
Image14134.jpg,standing
Image14135.jpg,standing
Image14136.jpg,standing
Image14137.jpg,standing
Image14138.jpg,standing
Image14139.jpg,standing
Image14140.jpg,standing
Image14141.jpg,standing
Image14142.jpg,standing
Image14143.jpg,standing
Image14144.jpg,standing
Image14145.jpg,standing
Image14146.jpg,standing
Image14147.jpg,standing
Image14148.jpg,standing
Image14149.jpg,standing
Image14150.jpg,standing
Image14151.jpg,standing
Image14152.jpg,standing
Image14153.jpg,standing
Image14154.jpg,standing
Image14155.jpg,standing
Image14156.jpg,standing
Image14157.jpg,standing
Image14158.jpg,standing
Image14159.jpg,standing
Image14160.jpg,standing
Image14161.jpg,standing
Image14162.jpg,standing
Image14163.jpg,standing
Image14164.jpg,standing
Image14165.jpg,standing
Image14166.jpg,standing
Image14167.jpg,standing
Image14168.jpg,standing
Image14169.jpg,standing
Image14170.jpg,standing
Image14171.jpg,standing
Image14172.jpg,standing
Image14173.jpg,standing
Image14174.jpg,standing
Image14175.jpg,standing
Image14176.jpg,standing
Image14177.jpg,standing
Image14178.jpg,standing
Image14179.jpg,standing
Image14180.jpg,standing
Image14181.jpg,standing
Image14182.jpg,standing
Image14183.jpg,standing
Image14184.jpg,standing
Image14185.jpg,standing
Image14186.jpg,standing
Image14187.jpg,standing
Image14188.jpg,standing
Image14189.jpg,standing
Image14190.jpg,standing
Image14191.jpg,standing
Image14192.jpg,standing
Image14193.jpg,standing
Image14194.jpg,standing
Image14195.jpg,standing
Image14196.jpg,standing
Image14197.jpg,standing
Image14198.jpg,standing
Image14199.jpg,standing
Image14200.jpg,standing
Image14201.jpg,standing
Image14202.jpg,standing
Image14203.jpg,standing
Image14204.jpg,standing
Image14205.jpg,standing
Image14206.jpg,standing
Image14207.jpg,standing
Image14208.jpg,standing
Image14209.jpg,standing
Image14210.jpg,standing
Image14211.jpg,standing
Image14212.jpg,standing
Image14213.jpg,standing
Image14214.jpg,standing
Image14215.jpg,standing
Image14216.jpg,standing
Image14217.jpg,standing
Image14218.jpg,standing
Image14219.jpg,standing
Image14220.jpg,standing
Image14221.jpg,standing
Image14222.jpg,standing
Image14223.jpg,standing
Image14224.jpg,standing
Image14225.jpg,standing
Image14226.jpg,standing
Image14227.jpg,standing
Image14228.jpg,standing
Image14229.jpg,standing
Image14230.jpg,standing
Image14231.jpg,standing
Image14232.jpg,standing
Image14233.jpg,standing
Image14234.jpg,standing
Image14235.jpg,standing
Image14236.jpg,standing
Image14237.jpg,standing
Image14238.jpg,standing
Image14239.jpg,standing
Image14240.jpg,standing
Image14241.jpg,standing
Image14242.jpg,standing
Image14243.jpg,standing
Image14244.jpg,standing
Image14245.jpg,standing
Image14246.jpg,standing
Image14247.jpg,standing
Image14248.jpg,standing
Image14249.jpg,standing
Image14250.jpg,standing
Image14251.jpg,standing
Image14252.jpg,standing
Image14253.jpg,standing
Image14254.jpg,standing
Image14255.jpg,standing
Image14256.jpg,standing
Image14257.jpg,standing
Image14258.jpg,standing
Image14259.jpg,standing
Image14260.jpg,standing
Image14261.jpg,standing
Image14262.jpg,standing
Image14263.jpg,standing
Image14264.jpg,standing
Image14265.jpg,standing
Image14266.jpg,standing
Image14267.jpg,standing
Image14268.jpg,standing
Image14269.jpg,standing
Image14270.jpg,standing
Image14271.jpg,standing
Image14272.jpg,standing
Image14273.jpg,standing
Image14274.jpg,standing
Image14275.jpg,standing
Image14276.jpg,standing
Image14277.jpg,standing
Image14278.jpg,standing
Image14279.jpg,standing
Image14280.jpg,standing
Image14281.jpg,standing
Image14282.jpg,standing
Image14283.jpg,standing
Image14284.jpg,standing
Image14285.jpg,standing
Image14286.jpg,standing
Image14287.jpg,standing
Image14288.jpg,standing
Image14289.jpg,standing
Image14290.jpg,standing
Image14291.jpg,standing
Image14292.jpg,standing
Image14293.jpg,standing
Image14294.jpg,standing
Image14295.jpg,standing
Image14296.jpg,standing
Image14297.jpg,standing
Image14298.jpg,standing
Image14299.jpg,standing
Image14300.jpg,standing
Image14301.jpg,standing
Image14302.jpg,standing
Image14303.jpg,standing
Image14304.jpg,standing
Image14305.jpg,standing
Image14306.jpg,standing
Image14307.jpg,standing
Image14308.jpg,standing
Image14309.jpg,standing
Image14310.jpg,standing
Image14311.jpg,standing
Image14312.jpg,standing
Image14313.jpg,standing
Image14314.jpg,standing
Image14315.jpg,standing
Image14316.jpg,standing
Image14317.jpg,standing
Image14318.jpg,standing
Image14319.jpg,standing
Image14320.jpg,standing
Image14321.jpg,standing
Image14322.jpg,standing
Image14323.jpg,standing
Image14324.jpg,standing
Image14325.jpg,standing
Image14326.jpg,standing
Image14327.jpg,standing
Image14328.jpg,standing
Image14329.jpg,standing
Image14330.jpg,standing
Image14331.jpg,standing
Image14332.jpg,standing
Image14333.jpg,standing
Image14334.jpg,standing
Image14335.jpg,standing
Image14336.jpg,standing
Image14337.jpg,standing
Image14338.jpg,standing
Image14339.jpg,standing
Image14340.jpg,standing
Image14341.jpg,standing
Image14342.jpg,standing
Image14343.jpg,standing
Image14344.jpg,standing
Image14345.jpg,standing
Image14346.jpg,standing
Image14347.jpg,standing
Image14348.jpg,standing
Image14349.jpg,standing
Image14350.jpg,standing
Image14351.jpg,standing
Image14352.jpg,standing
Image14353.jpg,standing
Image14354.jpg,standing
Image14355.jpg,standing
Image14356.jpg,standing
Image14357.jpg,standing
Image14358.jpg,standing
Image14359.jpg,standing
Image14360.jpg,standing
Image14361.jpg,standing
Image14362.jpg,standing
Image14363.jpg,standing
Image14364.jpg,standing
Image14365.jpg,standing
Image14366.jpg,standing
Image14367.jpg,standing
Image14368.jpg,standing
Image14369.jpg,standing
Image14370.jpg,standing
Image14371.jpg,standing
Image14372.jpg,standing
Image14373.jpg,standing
Image14374.jpg,standing
Image14375.jpg,standing
Image14376.jpg,standing
Image14377.jpg,standing
Image14378.jpg,standing
Image14379.jpg,standing
Image14380.jpg,standing
Image14381.jpg,standing
Image14382.jpg,standing
Image14383.jpg,standing
Image14384.jpg,standing
Image14385.jpg,standing
Image14386.jpg,standing
Image14387.jpg,standing
Image14388.jpg,standing
Image14389.jpg,standing
Image14390.jpg,standing
Image14391.jpg,standing
Image14392.jpg,standing
Image14393.jpg,standing
Image14394.jpg,standing
Image14395.jpg,standing
Image14396.jpg,standing
Image14397.jpg,standing
Image14398.jpg,standing
Image14399.jpg,standing
Image14400.jpg,standing
Image14401.jpg,standing
Image14402.jpg,standing
Image14403.jpg,standing
Image14404.jpg,standing
Image14405.jpg,standing
Image14406.jpg,standing
Image14407.jpg,standing
Image14408.jpg,standing
Image14409.jpg,standing
Image14410.jpg,standing
Image14411.jpg,standing
Image14412.jpg,standing
Image14413.jpg,standing
Image14414.jpg,standing
Image14415.jpg,standing
Image14416.jpg,standing
Image14417.jpg,standing
Image14418.jpg,standing
Image14419.jpg,standing
Image14420.jpg,standing
Image14421.jpg,standing
Image14422.jpg,standing
Image14423.jpg,standing
Image14424.jpg,standing
Image14425.jpg,standing
Image14426.jpg,standing
Image14427.jpg,standing
Image14428.jpg,standing
Image14429.jpg,standing
Image14430.jpg,standing
Image14431.jpg,standing
Image14432.jpg,standing
Image14433.jpg,standing
Image14434.jpg,standing
Image14435.jpg,standing
Image14436.jpg,standing
Image14437.jpg,standing
Image14438.jpg,standing
Image14439.jpg,standing
Image14440.jpg,standing
Image14441.jpg,standing
Image14442.jpg,standing
Image14443.jpg,standing
Image14444.jpg,standing
Image14445.jpg,standing
Image14446.jpg,standing
Image14447.jpg,standing
Image14448.jpg,standing
Image14449.jpg,standing
Image14450.jpg,standing
Image14451.jpg,standing
Image14452.jpg,standing
Image14453.jpg,standing
Image14454.jpg,standing
Image14455.jpg,standing
Image14456.jpg,standing
Image14457.jpg,standing
Image14458.jpg,standing
Image14459.jpg,standing
Image14460.jpg,standing
Image14461.jpg,standing
Image14462.jpg,standing
Image14463.jpg,standing
Image14464.jpg,standing
Image14465.jpg,standing
Image14466.jpg,standing
Image14467.jpg,standing
Image14468.jpg,standing
Image14469.jpg,standing
Image14470.jpg,standing
Image14471.jpg,standing
Image14472.jpg,standing
Image14473.jpg,standing
Image14474.jpg,standing
Image14475.jpg,standing
Image14476.jpg,standing
Image14477.jpg,standing
Image14478.jpg,standing
Image14479.jpg,standing
Image14480.jpg,standing
Image14481.jpg,standing
Image14482.jpg,standing
Image14483.jpg,standing
Image14484.jpg,standing
Image14485.jpg,standing
Image14486.jpg,standing
Image14487.jpg,standing
Image14488.jpg,standing
Image14489.jpg,standing
Image14490.jpg,standing
Image14491.jpg,standing
Image14492.jpg,standing
Image14493.jpg,standing
Image14494.jpg,standing
Image14495.jpg,standing
Image14496.jpg,standing
Image14497.jpg,standing
Image14498.jpg,standing
Image14499.jpg,standing
Image14500.jpg,standing
Image14501.jpg,standing
Image14502.jpg,standing
Image14503.jpg,standing
Image14504.jpg,standing
Image14505.jpg,standing
Image14506.jpg,standing
Image14507.jpg,standing
Image14508.jpg,standing
Image14509.jpg,standing
Image14510.jpg,standing
Image14511.jpg,standing
Image14512.jpg,standing
Image14513.jpg,standing
Image14514.jpg,standing
Image14515.jpg,standing
Image14516.jpg,standing
Image14517.jpg,standing
Image14518.jpg,standing
Image14519.jpg,standing
Image14520.jpg,standing
Image14521.jpg,standing
Image14522.jpg,standing
Image14523.jpg,standing
Image14524.jpg,standing
Image14525.jpg,standing
Image14526.jpg,standing
Image14527.jpg,standing
Image14528.jpg,standing
Image14529.jpg,standing
Image14530.jpg,standing
Image14531.jpg,standing
Image14532.jpg,standing
Image14533.jpg,standing
Image14534.jpg,standing
Image14535.jpg,standing
Image14536.jpg,standing
Image14537.jpg,standing
Image14538.jpg,standing
Image14539.jpg,standing
Image14540.jpg,standing
Image14541.jpg,standing
Image14542.jpg,standing
Image14543.jpg,standing
Image14544.jpg,standing
Image14545.jpg,standing
Image14546.jpg,standing
Image14547.jpg,standing
Image14548.jpg,standing
Image14549.jpg,standing
Image14550.jpg,standing
Image14551.jpg,standing
Image14552.jpg,standing
Image14553.jpg,standing
Image14554.jpg,standing
Image14555.jpg,standing
Image14556.jpg,standing
Image14557.jpg,standing
Image14558.jpg,standing
Image14559.jpg,standing
Image14560.jpg,standing
Image14561.jpg,standing
Image14562.jpg,standing
Image14563.jpg,standing
Image14564.jpg,standing
Image14565.jpg,standing
Image14566.jpg,standing
Image14567.jpg,standing
Image14568.jpg,standing
Image14569.jpg,standing
Image14570.jpg,standing
Image14571.jpg,standing
Image14572.jpg,standing
Image14573.jpg,standing
Image14574.jpg,standing
Image14575.jpg,standing
Image14576.jpg,standing
Image14577.jpg,standing
Image14578.jpg,standing
Image14579.jpg,standing
Image14580.jpg,standing
Image14581.jpg,standing
Image14582.jpg,standing
Image14583.jpg,standing
Image14584.jpg,standing
Image14585.jpg,standing
Image14586.jpg,standing
Image14587.jpg,standing
Image14588.jpg,standing
Image14589.jpg,standing
Image14590.jpg,standing
Image14591.jpg,standing
Image14592.jpg,standing
Image14593.jpg,standing
Image14594.jpg,standing
Image14595.jpg,standing
Image14596.jpg,standing
Image14597.jpg,standing
Image14598.jpg,standing
Image14599.jpg,standing
Image14600.jpg,standing
Image14601.jpg,standing
Image14602.jpg,standing
Image14603.jpg,standing
Image14604.jpg,standing
Image14605.jpg,standing
Image14606.jpg,standing
Image14607.jpg,standing
Image14608.jpg,standing
Image14609.jpg,standing
Image14610.jpg,standing
Image14611.jpg,standing
Image14612.jpg,standing
Image14613.jpg,standing
Image14614.jpg,standing
Image14615.jpg,standing
Image14616.jpg,standing
Image14617.jpg,standing
Image14618.jpg,standing
Image14619.jpg,standing
Image14620.jpg,standing
Image14621.jpg,standing
Image14622.jpg,standing
Image14623.jpg,standing
Image14624.jpg,standing
Image14625.jpg,standing
Image14626.jpg,standing
Image14627.jpg,standing
Image14628.jpg,standing
Image14629.jpg,standing
Image14630.jpg,standing
Image14631.jpg,standing
Image14632.jpg,standing
Image14633.jpg,standing
Image14634.jpg,standing
Image14635.jpg,standing
Image14636.jpg,standing
Image14637.jpg,standing
Image14638.jpg,standing
Image14639.jpg,standing
Image14640.jpg,standing
Image14641.jpg,standing
Image14642.jpg,standing
Image14643.jpg,standing
Image14644.jpg,standing
Image14645.jpg,standing
Image14646.jpg,standing
Image14647.jpg,standing
Image14648.jpg,standing
Image14649.jpg,standing
Image14650.jpg,standing
Image14651.jpg,standing
Image14652.jpg,standing
Image14653.jpg,standing
Image14654.jpg,standing
Image14655.jpg,standing
Image14656.jpg,standing
Image14657.jpg,standing
Image14658.jpg,standing
Image14659.jpg,standing
Image14660.jpg,standing
Image14661.jpg,standing
Image14662.jpg,standing
Image14663.jpg,standing
Image14664.jpg,standing
Image14665.jpg,standing
Image14666.jpg,standing
Image14667.jpg,standing
Image14668.jpg,standing
Image14669.jpg,standing
Image14670.jpg,standing
Image14671.jpg,standing
Image14672.jpg,standing
Image14673.jpg,standing
Image14674.jpg,standing
Image14675.jpg,standing
Image14676.jpg,standing
Image14677.jpg,standing
Image14678.jpg,standing
Image14679.jpg,standing
Image14680.jpg,standing
Image14681.jpg,standing
Image14682.jpg,standing
Image14683.jpg,standing
Image14684.jpg,standing
Image14685.jpg,standing
Image14686.jpg,standing
Image14687.jpg,standing
Image14688.jpg,standing
Image14689.jpg,standing
Image14690.jpg,standing
Image14691.jpg,standing
Image14692.jpg,standing
Image14693.jpg,standing
Image14694.jpg,standing
Image14695.jpg,standing
Image14696.jpg,standing
Image14697.jpg,standing
Image14698.jpg,standing
Image14699.jpg,standing
Image14700.jpg,standing
Image14701.jpg,standing
Image14702.jpg,standing
Image14703.jpg,standing
Image14704.jpg,standing
Image14705.jpg,standing
Image14706.jpg,standing
Image14707.jpg,standing
Image14708.jpg,standing
Image14709.jpg,standing
Image14710.jpg,standing
Image14711.jpg,standing
Image14712.jpg,standing
Image14713.jpg,standing
Image14714.jpg,standing
Image14715.jpg,standing
Image14716.jpg,standing
Image14717.jpg,standing
Image14718.jpg,standing
Image14719.jpg,standing
Image14720.jpg,standing
Image14721.jpg,standing
Image14722.jpg,standing
Image14723.jpg,standing
Image14724.jpg,standing
Image14725.jpg,standing
Image14726.jpg,standing
Image14727.jpg,standing
Image14728.jpg,standing
Image14729.jpg,standing
Image14730.jpg,standing
Image14731.jpg,standing
Image14732.jpg,standing
Image14733.jpg,standing
Image14734.jpg,standing
Image14735.jpg,standing
Image14736.jpg,standing
Image14737.jpg,standing
Image14738.jpg,standing
Image14739.jpg,standing
Image14740.jpg,standing
Image14741.jpg,standing
Image14742.jpg,standing
Image14743.jpg,standing
Image14744.jpg,standing
Image14745.jpg,standing
Image14746.jpg,standing
Image14747.jpg,standing
Image14748.jpg,standing
Image14749.jpg,standing
Image14750.jpg,standing
Image14751.jpg,standing
Image14752.jpg,standing
Image14753.jpg,standing
Image14754.jpg,standing
Image14755.jpg,standing
Image14756.jpg,standing
Image14757.jpg,standing
Image14758.jpg,standing
Image14759.jpg,standing
Image14760.jpg,standing
Image14761.jpg,standing
Image14762.jpg,standing
Image14763.jpg,standing
Image14764.jpg,standing
Image14765.jpg,standing
Image14766.jpg,standing
Image14767.jpg,standing
Image14768.jpg,standing
Image14769.jpg,standing
Image14770.jpg,standing
Image14771.jpg,standing
Image14772.jpg,standing
Image14773.jpg,standing
Image14774.jpg,standing
Image14775.jpg,standing
Image14776.jpg,standing
Image14777.jpg,standing
Image14778.jpg,standing
Image14779.jpg,standing
Image14780.jpg,standing
Image14781.jpg,standing
Image14782.jpg,standing
Image14783.jpg,standing
Image14784.jpg,standing
Image14785.jpg,standing
Image14786.jpg,standing
Image14787.jpg,standing
Image14788.jpg,standing
Image14789.jpg,standing
Image14790.jpg,standing
Image14791.jpg,standing
Image14792.jpg,standing
Image14793.jpg,standing
Image14794.jpg,standing
Image14795.jpg,standing
Image14796.jpg,standing
Image14797.jpg,standing
Image14798.jpg,standing
Image14799.jpg,standing
Image14800.jpg,standing
Image14801.jpg,standing
Image14802.jpg,standing
Image14803.jpg,standing
Image14804.jpg,standing
Image14805.jpg,standing
Image14806.jpg,standing
Image14807.jpg,standing
Image14808.jpg,standing
Image14809.jpg,standing
Image14810.jpg,standing
Image14811.jpg,standing
Image14812.jpg,standing
Image14813.jpg,standing
Image14814.jpg,standing
Image14815.jpg,standing
Image14816.jpg,standing
Image14817.jpg,standing
Image14818.jpg,standing
Image14819.jpg,standing
Image14820.jpg,standing
Image14821.jpg,standing
Image14822.jpg,standing
Image14823.jpg,standing
Image14824.jpg,standing
Image14825.jpg,standing
Image14826.jpg,standing
Image14827.jpg,standing
Image14828.jpg,standing
Image14829.jpg,standing
Image14830.jpg,standing
Image14831.jpg,standing
Image14832.jpg,standing
Image14833.jpg,standing
Image14834.jpg,standing
Image14835.jpg,standing
Image14836.jpg,standing
Image14837.jpg,standing
Image14838.jpg,standing
Image14839.jpg,standing
Image15000.jpg,working
Image15001.jpg,working
Image15002.jpg,working
Image15003.jpg,working
Image15004.jpg,working
Image15005.jpg,working
Image15006.jpg,working
Image15007.jpg,working
Image15008.jpg,working
Image15009.jpg,working
Image15010.jpg,working
Image15011.jpg,working
Image15012.jpg,working
Image15013.jpg,working
Image15014.jpg,working
Image15015.jpg,working
Image15016.jpg,working
Image15017.jpg,working
Image15018.jpg,working
Image15019.jpg,working
Image15020.jpg,working
Image15021.jpg,working
Image15022.jpg,working
Image15023.jpg,working
Image15024.jpg,working
Image15025.jpg,working
Image15026.jpg,working
Image15027.jpg,working
Image15028.jpg,working
Image15029.jpg,working
Image15030.jpg,working
Image15031.jpg,working
Image15032.jpg,working
Image15033.jpg,working
Image15034.jpg,working
Image15035.jpg,working
Image15036.jpg,working
Image15037.jpg,working
Image15038.jpg,working
Image15039.jpg,working
Image15040.jpg,working
Image15041.jpg,working
Image15042.jpg,working
Image15043.jpg,working
Image15044.jpg,working
Image15045.jpg,working
Image15046.jpg,working
Image15047.jpg,working
Image15048.jpg,working
Image15049.jpg,working
Image15050.jpg,working
Image15051.jpg,working
Image15052.jpg,working
Image15053.jpg,working
Image15054.jpg,working
Image15055.jpg,working
Image15056.jpg,working
Image15057.jpg,working
Image15058.jpg,working
Image15059.jpg,working
Image15060.jpg,working
Image15061.jpg,working
Image15062.jpg,working
Image15063.jpg,working
Image15064.jpg,working
Image15065.jpg,working
Image15066.jpg,working
Image15067.jpg,working
Image15068.jpg,working
Image15069.jpg,working
Image15070.jpg,working
Image15071.jpg,working
Image15072.jpg,working
Image15073.jpg,working
Image15074.jpg,working
Image15075.jpg,working
Image15076.jpg,working
Image15077.jpg,working
Image15078.jpg,working
Image15079.jpg,working
Image15080.jpg,working
Image15081.jpg,working
Image15082.jpg,working
Image15083.jpg,working
Image15084.jpg,working
Image15085.jpg,working
Image15086.jpg,working
Image15087.jpg,working
Image15088.jpg,working
Image15089.jpg,working
Image15090.jpg,working
Image15091.jpg,working
Image15092.jpg,working
Image15093.jpg,working
Image15094.jpg,working
Image15095.jpg,working
Image15096.jpg,working
Image15097.jpg,working
Image15098.jpg,working
Image15099.jpg,working
Image15100.jpg,working
Image15101.jpg,working
Image15102.jpg,working
Image15103.jpg,working
Image15104.jpg,working
Image15105.jpg,working
Image15106.jpg,working
Image15107.jpg,working
Image15108.jpg,working
Image15109.jpg,working
Image15110.jpg,working
Image15111.jpg,working
Image15112.jpg,working
Image15113.jpg,working
Image15114.jpg,working
Image15115.jpg,working
Image15116.jpg,working
Image15117.jpg,working
Image15118.jpg,working
Image15119.jpg,working
Image15120.jpg,working
Image15121.jpg,working
Image15122.jpg,working
Image15123.jpg,working
Image15124.jpg,working
Image15125.jpg,working
Image15126.jpg,working
Image15127.jpg,working
Image15128.jpg,working
Image15129.jpg,working
Image15130.jpg,working
Image15131.jpg,working
Image15132.jpg,working
Image15133.jpg,working
Image15134.jpg,working
Image15135.jpg,working
Image15136.jpg,working
Image15137.jpg,working
Image15138.jpg,working
Image15139.jpg,working
Image15140.jpg,working
Image15141.jpg,working
Image15142.jpg,working
Image15143.jpg,working
Image15144.jpg,working
Image15145.jpg,working
Image15146.jpg,working
Image15147.jpg,working
Image15148.jpg,working
Image15149.jpg,working
Image15150.jpg,working
Image15151.jpg,working
Image15152.jpg,working
Image15153.jpg,working
Image15154.jpg,working
Image15155.jpg,working
Image15156.jpg,working
Image15157.jpg,working
Image15158.jpg,working
Image15159.jpg,working
Image15160.jpg,working
Image15161.jpg,working
Image15162.jpg,working
Image15163.jpg,working
Image15164.jpg,working
Image15165.jpg,working
Image15166.jpg,working
Image15167.jpg,working
Image15168.jpg,working
Image15169.jpg,working
Image15170.jpg,working
Image15171.jpg,working
Image15172.jpg,working
Image15173.jpg,working
Image15174.jpg,working
Image15175.jpg,working
Image15176.jpg,working
Image15177.jpg,working
Image15178.jpg,working
Image15179.jpg,working
Image15180.jpg,working
Image15181.jpg,working
Image15182.jpg,working
Image15183.jpg,working
Image15184.jpg,working
Image15185.jpg,working
Image15186.jpg,working
Image15187.jpg,working
Image15188.jpg,working
Image15189.jpg,working
Image15190.jpg,working
Image15191.jpg,working
Image15192.jpg,working
Image15193.jpg,working
Image15194.jpg,working
Image15195.jpg,working
Image15196.jpg,working
Image15197.jpg,working
Image15198.jpg,working
Image15199.jpg,working
Image15200.jpg,working
Image15201.jpg,working
Image15202.jpg,working
Image15203.jpg,working
Image15204.jpg,working
Image15205.jpg,working
Image15206.jpg,working
Image15207.jpg,working
Image15208.jpg,working
Image15209.jpg,working
Image15210.jpg,working
Image15211.jpg,working
Image15212.jpg,working
Image15213.jpg,working
Image15214.jpg,working
Image15215.jpg,working
Image15216.jpg,working
Image15217.jpg,working
Image15218.jpg,working
Image15219.jpg,working
Image15220.jpg,working
Image15221.jpg,working
Image15222.jpg,working
Image15223.jpg,working
Image15224.jpg,working
Image15225.jpg,working
Image15226.jpg,working
Image15227.jpg,working
Image15228.jpg,working
Image15229.jpg,working
Image15230.jpg,working
Image15231.jpg,working
Image15232.jpg,working
Image15233.jpg,working
Image15234.jpg,working
Image15235.jpg,working
Image15236.jpg,working
Image15237.jpg,working
Image15238.jpg,working
Image15239.jpg,working
Image15240.jpg,working
Image15241.jpg,working
Image15242.jpg,working
Image15243.jpg,working
Image15244.jpg,working
Image15245.jpg,working
Image15246.jpg,working
Image15247.jpg,working
Image15248.jpg,working
Image15249.jpg,working
Image15250.jpg,working
Image15251.jpg,working
Image15252.jpg,working
Image15253.jpg,working
Image15254.jpg,working
Image15255.jpg,working
Image15256.jpg,working
Image15257.jpg,working
Image15258.jpg,working
Image15259.jpg,working
Image15260.jpg,working
Image15261.jpg,working
Image15262.jpg,working
Image15263.jpg,working
Image15264.jpg,working
Image15265.jpg,working
Image15266.jpg,working
Image15267.jpg,working
Image15268.jpg,working
Image15269.jpg,working
Image15270.jpg,working
Image15271.jpg,working
Image15272.jpg,working
Image15273.jpg,working
Image15274.jpg,working
Image15275.jpg,working
Image15276.jpg,working
Image15277.jpg,working
Image15278.jpg,working
Image15279.jpg,working
Image15280.jpg,working
Image15281.jpg,working
Image15282.jpg,working
Image15283.jpg,working
Image15284.jpg,working
Image15285.jpg,working
Image15286.jpg,working
Image15287.jpg,working
Image15288.jpg,working
Image15289.jpg,working
Image15290.jpg,working
Image15291.jpg,working
Image15292.jpg,working
Image15293.jpg,working
Image15294.jpg,working
Image15295.jpg,working
Image15296.jpg,working
Image15297.jpg,working
Image15298.jpg,working
Image15299.jpg,working
Image15300.jpg,working
Image15301.jpg,working
Image15302.jpg,working
Image15303.jpg,working
Image15304.jpg,working
Image15305.jpg,working
Image15306.jpg,working
Image15307.jpg,working
Image15308.jpg,working
Image15309.jpg,working
Image15310.jpg,working
Image15311.jpg,working
Image15312.jpg,working
Image15313.jpg,working
Image15314.jpg,working
Image15315.jpg,working
Image15316.jpg,working
Image15317.jpg,working
Image15318.jpg,working
Image15319.jpg,working
Image15320.jpg,working
Image15321.jpg,working
Image15322.jpg,working
Image15323.jpg,working
Image15324.jpg,working
Image15325.jpg,working
Image15326.jpg,working
Image15327.jpg,working
Image15328.jpg,working
Image15329.jpg,working
Image15330.jpg,working
Image15331.jpg,working
Image15332.jpg,working
Image15333.jpg,working
Image15334.jpg,working
Image15335.jpg,working
Image15336.jpg,working
Image15337.jpg,working
Image15338.jpg,working
Image15339.jpg,working
Image15340.jpg,working
Image15341.jpg,working
Image15342.jpg,working
Image15343.jpg,working
Image15344.jpg,working
Image15345.jpg,working
Image15346.jpg,working
Image15347.jpg,working
Image15348.jpg,working
Image15349.jpg,working
Image15350.jpg,working
Image15351.jpg,working
Image15352.jpg,working
Image15353.jpg,working
Image15354.jpg,working
Image15355.jpg,working
Image15356.jpg,working
Image15357.jpg,working
Image15358.jpg,working
Image15359.jpg,working
Image15360.jpg,working
Image15361.jpg,working
Image15362.jpg,working
Image15363.jpg,working
Image15364.jpg,working
Image15365.jpg,working
Image15366.jpg,working
Image15367.jpg,working
Image15368.jpg,working
Image15369.jpg,working
Image15370.jpg,working
Image15371.jpg,working
Image15372.jpg,working
Image15373.jpg,working
Image15374.jpg,working
Image15375.jpg,working
Image15376.jpg,working
Image15377.jpg,working
Image15378.jpg,working
Image15379.jpg,working
Image15380.jpg,working
Image15381.jpg,working
Image15382.jpg,working
Image15383.jpg,working
Image15384.jpg,working
Image15385.jpg,working
Image15386.jpg,working
Image15387.jpg,working
Image15388.jpg,working
Image15389.jpg,working
Image15390.jpg,working
Image15391.jpg,working
Image15392.jpg,working
Image15393.jpg,working
Image15394.jpg,working
Image15395.jpg,working
Image15396.jpg,working
Image15397.jpg,working
Image15398.jpg,working
Image15399.jpg,working
Image15400.jpg,working
Image15401.jpg,working
Image15402.jpg,working
Image15403.jpg,working
Image15404.jpg,working
Image15405.jpg,working
Image15406.jpg,working
Image15407.jpg,working
Image15408.jpg,working
Image15409.jpg,working
Image15410.jpg,working
Image15411.jpg,working
Image15412.jpg,working
Image15413.jpg,working
Image15414.jpg,working
Image15415.jpg,working
Image15416.jpg,working
Image15417.jpg,working
Image15418.jpg,working
Image15419.jpg,working
Image15420.jpg,working
Image15421.jpg,working
Image15422.jpg,working
Image15423.jpg,working
Image15424.jpg,working
Image15425.jpg,working
Image15426.jpg,working
Image15427.jpg,working
Image15428.jpg,working
Image15429.jpg,working
Image15430.jpg,working
Image15431.jpg,working
Image15432.jpg,working
Image15433.jpg,working
Image15434.jpg,working
Image15435.jpg,working
Image15436.jpg,working
Image15437.jpg,working
Image15438.jpg,working
Image15439.jpg,working
Image15440.jpg,working
Image15441.jpg,working
Image15442.jpg,working
Image15443.jpg,working
Image15444.jpg,working
Image15445.jpg,working
Image15446.jpg,working
Image15447.jpg,working
Image15448.jpg,working
Image15449.jpg,working
Image15450.jpg,working
Image15451.jpg,working
Image15452.jpg,working
Image15453.jpg,working
Image15454.jpg,working
Image15455.jpg,working
Image15456.jpg,working
Image15457.jpg,working
Image15458.jpg,working
Image15459.jpg,working
Image15460.jpg,working
Image15461.jpg,working
Image15462.jpg,working
Image15463.jpg,working
Image15464.jpg,working
Image15465.jpg,working
Image15466.jpg,working
Image15467.jpg,working
Image15468.jpg,working
Image15469.jpg,working
Image15470.jpg,working
Image15471.jpg,working
Image15472.jpg,working
Image15473.jpg,working
Image15474.jpg,working
Image15475.jpg,working
Image15476.jpg,working
Image15477.jpg,working
Image15478.jpg,working
Image15479.jpg,working
Image15480.jpg,working
Image15481.jpg,working
Image15482.jpg,working
Image15483.jpg,working
Image15484.jpg,working
Image15485.jpg,working
Image15486.jpg,working
Image15487.jpg,working
Image15488.jpg,working
Image15489.jpg,working
Image15490.jpg,working
Image15491.jpg,working
Image15492.jpg,working
Image15493.jpg,working
Image15494.jpg,working
Image15495.jpg,working
Image15496.jpg,working
Image15497.jpg,working
Image15498.jpg,working
Image15499.jpg,working
Image15500.jpg,working
Image15501.jpg,working
Image15502.jpg,working
Image15503.jpg,working
Image15504.jpg,working
Image15505.jpg,working
Image15506.jpg,working
Image15507.jpg,working
Image15508.jpg,working
Image15509.jpg,working
Image15510.jpg,working
Image15511.jpg,working
Image15512.jpg,working
Image15513.jpg,working
Image15514.jpg,working
Image15515.jpg,working
Image15516.jpg,working
Image15517.jpg,working
Image15518.jpg,working
Image15519.jpg,working
Image15520.jpg,working
Image15521.jpg,working
Image15522.jpg,working
Image15523.jpg,working
Image15524.jpg,working
Image15525.jpg,working
Image15526.jpg,working
Image15527.jpg,working
Image15528.jpg,working
Image15529.jpg,working
Image15530.jpg,working
Image15531.jpg,working
Image15532.jpg,working
Image15533.jpg,working
Image15534.jpg,working
Image15535.jpg,working
Image15536.jpg,working
Image15537.jpg,working
Image15538.jpg,working
Image15539.jpg,working
Image15540.jpg,working
Image15541.jpg,working
Image15542.jpg,working
Image15543.jpg,working
Image15544.jpg,working
Image15545.jpg,working
Image15546.jpg,working
Image15547.jpg,working
Image15548.jpg,working
Image15549.jpg,working
Image15550.jpg,working
Image15551.jpg,working
Image15552.jpg,working
Image15553.jpg,working
Image15554.jpg,working
Image15555.jpg,working
Image15556.jpg,working
Image15557.jpg,working
Image15558.jpg,working
Image15559.jpg,working
Image15560.jpg,working
Image15561.jpg,working
Image15562.jpg,working
Image15563.jpg,working
Image15564.jpg,working
Image15565.jpg,working
Image15566.jpg,working
Image15567.jpg,working
Image15568.jpg,working
Image15569.jpg,working
Image15570.jpg,working
Image15571.jpg,working
Image15572.jpg,working
Image15573.jpg,working
Image15574.jpg,working
Image15575.jpg,working
Image15576.jpg,working
Image15577.jpg,working
Image15578.jpg,working
Image15579.jpg,working
Image15580.jpg,working
Image15581.jpg,working
Image15582.jpg,working
Image15583.jpg,working
Image15584.jpg,working
Image15585.jpg,working
Image15586.jpg,working
Image15587.jpg,working
Image15588.jpg,working
Image15589.jpg,working
Image15590.jpg,working
Image15591.jpg,working
Image15592.jpg,working
Image15593.jpg,working
Image15594.jpg,working
Image15595.jpg,working
Image15596.jpg,working
Image15597.jpg,working
Image15598.jpg,working
Image15599.jpg,working
Image15735.jpg,working
Image15736.jpg,working
Image15737.jpg,working
Image15738.jpg,working
Image15739.jpg,working
Image15740.jpg,working
Image15741.jpg,working
Image15742.jpg,working
Image15743.jpg,working
Image15744.jpg,working
Image15745.jpg,working
Image15746.jpg,working
Image15747.jpg,working
Image15748.jpg,working
Image15749.jpg,working
Image15750.jpg,working
Image15751.jpg,working
Image15752.jpg,working
Image15753.jpg,working
Image15754.jpg,working
Image15755.jpg,working
Image15756.jpg,working
Image15757.jpg,working
Image15758.jpg,working
Image15759.jpg,working
Image15760.jpg,working
Image15761.jpg,working
Image15762.jpg,working
Image15763.jpg,working
Image15764.jpg,working
Image15765.jpg,working
Image15766.jpg,working
Image15767.jpg,working
Image15768.jpg,working
Image15769.jpg,working
Image15770.jpg,working
Image15771.jpg,working
Image15772.jpg,working
Image15773.jpg,working
Image15774.jpg,working
Image15775.jpg,working
Image15776.jpg,working
Image15777.jpg,working
Image15778.jpg,working
Image15779.jpg,working
Image15780.jpg,working
Image15781.jpg,working
Image15782.jpg,working
Image15783.jpg,working
Image15784.jpg,working
Image15785.jpg,working
Image15786.jpg,working
Image15787.jpg,working
Image15788.jpg,working
Image15789.jpg,working
Image15790.jpg,working
Image15791.jpg,working
Image15792.jpg,working
Image15793.jpg,working
Image15794.jpg,working
Image15795.jpg,working
Image15796.jpg,working
Image15797.jpg,working
Image15798.jpg,working
Image15799.jpg,working
Image15800.jpg,working
Image15801.jpg,working
Image15802.jpg,working
Image15803.jpg,working
Image15804.jpg,working
Image15805.jpg,working
Image15806.jpg,working
Image15807.jpg,working
Image15808.jpg,working
Image15809.jpg,working
Image15810.jpg,working
Image15811.jpg,working
Image15812.jpg,working
Image15813.jpg,working
Image15814.jpg,working
Image15815.jpg,working
Image15816.jpg,working
Image15817.jpg,working
Image15818.jpg,working
Image15819.jpg,working
Image15820.jpg,working
Image15821.jpg,working
Image15822.jpg,working
Image15823.jpg,working
Image15824.jpg,working
Image15825.jpg,working
Image15826.jpg,working
Image15827.jpg,working
Image15828.jpg,working
Image15829.jpg,working
Image15830.jpg,working
Image15831.jpg,working
Image15832.jpg,working
Image15833.jpg,working
Image15834.jpg,working
Image15835.jpg,working
Image15836.jpg,working
Image15837.jpg,working
Image15838.jpg,working
Image15839.jpg,working
Image15840.jpg,working
Image15841.jpg,working
Image15842.jpg,working
Image15843.jpg,working
Image15844.jpg,working
Image15845.jpg,working
Image15846.jpg,working
Image15847.jpg,working
Image15848.jpg,working
Image15849.jpg,working
Image15850.jpg,working
Image15851.jpg,working
Image15852.jpg,working
Image15853.jpg,working
Image15854.jpg,working
Image15855.jpg,working
Image15856.jpg,working
Image15857.jpg,working
Image15858.jpg,working
Image15859.jpg,working
Image15860.jpg,working
Image15861.jpg,working
Image15862.jpg,working
Image15863.jpg,working
Image15864.jpg,working
Image15865.jpg,working
Image15866.jpg,working
Image15867.jpg,working
Image15868.jpg,working
Image15869.jpg,working
Image15870.jpg,working
Image15871.jpg,working
Image15872.jpg,working
Image15873.jpg,working
Image15874.jpg,working
Image15875.jpg,working
Image15876.jpg,working
Image15877.jpg,working
Image15878.jpg,working
Image15879.jpg,working
Image15880.jpg,working
Image15881.jpg,working
Image15882.jpg,working
Image15883.jpg,working
Image15884.jpg,working
Image15885.jpg,working
Image15886.jpg,working
Image15887.jpg,working
Image15888.jpg,working
Image15889.jpg,working
Image15890.jpg,working
Image15891.jpg,working
Image15892.jpg,working
Image15893.jpg,working
Image15894.jpg,working
Image15895.jpg,working
Image15896.jpg,working
Image15897.jpg,working
Image15898.jpg,working
Image15899.jpg,working
Image15900.jpg,working
Image15901.jpg,working
Image15902.jpg,working
Image15903.jpg,working
Image15904.jpg,working
Image15905.jpg,working
Image15906.jpg,working
Image15907.jpg,working
Image15908.jpg,working
Image15909.jpg,working
Image15910.jpg,working
Image15911.jpg,working
Image15912.jpg,working
Image15913.jpg,working
Image15914.jpg,working
Image15915.jpg,working
Image15916.jpg,working
Image15917.jpg,working
Image15918.jpg,working
Image15919.jpg,working
Image15920.jpg,working
Image15921.jpg,working
Image15922.jpg,working
Image15923.jpg,working
Image15924.jpg,working
Image15925.jpg,working
Image15926.jpg,working
Image15927.jpg,working
Image15928.jpg,working
Image15929.jpg,working
Image15930.jpg,working
Image15931.jpg,working
Image15932.jpg,working
Image15933.jpg,working
Image15934.jpg,working
Image15935.jpg,working
Image15936.jpg,working
Image15937.jpg,working
Image15938.jpg,working
Image15939.jpg,working
Image15940.jpg,working
Image15941.jpg,working
Image15942.jpg,working
Image15943.jpg,working
Image15944.jpg,working
Image15945.jpg,working
Image15946.jpg,working
Image15947.jpg,working
Image15948.jpg,working
Image15949.jpg,working
Image15950.jpg,working
Image15951.jpg,working
Image15952.jpg,working
Image15953.jpg,working
Image15954.jpg,working
Image15955.jpg,working
Image15956.jpg,working
Image15957.jpg,working
Image15958.jpg,working
Image15959.jpg,working
Image15960.jpg,working
Image15961.jpg,working
Image15962.jpg,working
Image15963.jpg,working
Image15964.jpg,working
Image15965.jpg,working
Image15966.jpg,working
Image15967.jpg,working
Image15968.jpg,working
Image15969.jpg,working
Image15970.jpg,working
Image15971.jpg,working
Image15972.jpg,working
Image15973.jpg,working
Image15974.jpg,working
